cls,fea,nsen,smax,mfmax,cmax,uar,ci95_u,bar,ci95_b,bar_exp,ci95_be_low,ci95_be_upp,eer,cm,eermsg,mcc,auc,pr_auc,mse,r2,ss,amax,amax_std,fmax,fmax_std,pmax,pmax_std,rmax,rmax_std,maxerr,ci95_me_low,ci95_me_low,cm,labels
hmm,pfa,1,bottles,2,99.3739682372208,98.74215957375058,0.12684417682660154,99.3553181928169,0.0910908418978229,99.30677715169813,0.18177715174220177,0.11822284831736196,32.123474713954046,0,	ERR high min 2407.0270,0.8073276171524054,0.8854175442611578,-,-,-,-,0.9937396823722079,0.0020747509793180743,0.8986431508615415,0.02702842237771433,0.8373947341020146,0.03596717042894074,0.9937396823722079,0.0020747509793180743,1.2893636143662068,0.12682089800426666,0.13673793616263974,0,V=>B
hmm,sfa,1,bottles,0,92.20021910607585,99.53463276455116,0.0774624912716626,93.57566741880538,0.27906278493797787,93.50631687447641,1.2813168743570857,1.1686831254099528,39.68336271561347,0,	ERR low max -4576.9045,0.8998355519102446,0.9179602856458321,-,-,-,-,0.9220021910607584,0.058494934327855526,0.9442552167252596,0.03216555727040971,0.977130583395806,0.02900221599470533,0.9220021910607584,0.058494934327855526,12.689655172413794,2.3361018447168216,2.6444412112836546,0,B=>V
