cls,fea,nsen,smax,mfmax,cmax,uar,ci95_u,bar,ci95_b,bar_exp,ci95_be_low,ci95_be_upp,eer,eer_ci95_low,eer_ci95_high,cm,eermsg,mcc,auc,pr_auc,mse,r2,ss,amax,amax_std,fmax,fmax_std,pmax,pmax_std,rmax,rmax_std,maxerr,ci95_me_low,ci95_me_low,cm,labels
snn,pfa,1,bottles,3,82.39234783050303,95.53861534616345,0.4523484675688305,82.38376732890731,0.834691825580447,82.35659969109548,1.6815996910784392,1.6184003090779386,8.883193657564577,1.008193657514643,1.0918063425021356,0,	ERR high min 0.91,0.7262485116291896,0.9673364438280776,-,-,-,-,0.8239234783050303,0.03808238600154312,0.8583928195567833,0.021566425311300437,0.9129332113895409,0.03333248456143652,0.8239234783050303,0.03808238600154312,33.971902937420175,3.3155325919667855,3.4367959999110633,0,D=>V
snn,sfa,1,bottles,1,80.8161799803996,94.77630592351912,0.48751454062355704,80.82265527130849,0.862600314559081,80.79882014330113,1.723820143277388,1.6761798566268804,12.249534046575064,1.1745340465713987,1.225465953493865,0,	ERR high min 0.91,0.6805687554269416,0.9512695938435486,-,-,-,-,0.8081617998039959,0.02781198012583603,0.8370555055433531,0.020341556204249867,0.8773454624532857,0.02137532291961975,0.8081617998039959,0.02781198012583603,36.52618135376756,3.380296573510516,3.4821945136967014,0,D=>V
snn,sig,1,bottles,4,60.64472674387441,90.5023744063984,0.6423715923214224,60.63456781867489,1.0704502122341308,60.66171119796557,1.4867111978440706,1.5132888021587965,18.059957819417356,1.3849578194161716,1.4650421804293823,0,	ERR high min 0.91,0.31112174908530477,0.8884216600969803,-,-,-,-,0.6064472674387441,0.036631503781340925,0.6342761633661601,0.04179657538311203,0.7272942719541936,0.029907710487108406,0.6064472674387441,0.036631503781340925,76.50063856960408,3.1303299641437965,2.929265102010359,0,D=>V
