cls,fea,nsen,smax,mfmax,cmax,uar,ci95_u,bar,ci95_b,bar_exp,ci95_be_low,ci95_be_upp,eer,cm,eermsg,mcc,auc,pr_auc,mse,r2,ss,amax,amax_std,fmax,fmax_std,pmax,pmax_std,rmax,rmax_std,maxerr,ci95_me_low,ci95_me_low,cm,labels
svm,pfa,1,bottles,11,93.49444444444444,99.66952181830445,0.0653219337703681,93.24137931034483,0.28571946669141424,93.19119669876206,1.3161966986573015,1.1838033013699123,1.1338103633032603,0,,0.9283898878353998,0.9997234132078419,-,-,-,-,0.9349444444444445,0.03877101182616584,0.9634371741212516,0.023670532678221355,0.9983797220007437,0.0009580933483006674,0.9349444444444445,0.03877101182616584,13.517241379310343,2.4052444076797643,2.7064644947658563,0,B=>V
svm,sfa,1,bottles,0,82.57431637244721,99.1097322452283,0.1069116230340339,81.99481489163122,0.43731909390847257,81.93074277854183,1.7557427786302204,1.7442572214323548,3.1724137931034004,0,,0.7937653597997796,0.9914636666940824,-,-,-,-,0.8257431637244721,0.04801253819947104,0.8896003503089754,0.0351899331146934,0.9941655721947462,0.005164159396822114,0.8257431637244721,0.04801253819947104,36.0,3.4998849962398326,3.614331853288111,0,B=>V
svm,sig,1,bottles,0,92.9678141800538,99.19741013016794,0.1015555010355329,92.52874755197327,0.2992550561085494,92.47538548568347,1.3503854856554476,1.2496145143148008,3.0799543710463553,0,,0.8350151973759297,0.9951569419065226,-,-,-,-,0.929678141800538,0.0462700255678924,0.9166584135909065,0.03214081610071499,0.9093156161818576,0.04128255188565874,0.929678141800538,0.0462700255678924,14.482758620689657,2.4819832075650057,2.774945783138522,0,B=>V
