cls,fea,nsen,smax,mfmax,cmax,uar,ci95_u,bar,ci95_b,bar_exp,ci95_be_low,ci95_be_upp,eer,cm,eermsg,mcc,auc,pr_auc,mse,r2,ss,amax,amax_std,fmax,fmax_std,pmax,pmax_std,rmax,rmax_std,maxerr,ci95_me_low,ci95_me_low,cm,labels
snn,pfa,1,bottles,6,92.54653859466944,99.62568287583463,0.06950434465705646,92.54653902956227,0.29892726681630677,92.453438789546,1.3284387896970284,1.2715612103781693,1.7931034482757797,0,,0.9185031850793662,0.9972553016243096,-,-,-,-,0.9254653859466944,0.04440630811775377,0.9568900808797763,0.027489654769728304,0.9963856561348359,0.006975632130596514,0.9254653859466944,0.04440630811775377,14.896551724137929,2.513660436661094,2.803098051730968,0,B=>V
snn,sfa,1,bottles,0,84.22845748139865,99.20078235651178,0.1013436471114404,84.12583244828897,0.41592652415542997,84.06279229710971,1.737792297053864,1.6622077030245763,4.286356251512323,0,,0.8170768907784511,0.9940305694917759,-,-,-,-,0.8422845748139864,0.051358168013106484,0.9003404141349385,0.03837003889098492,0.9900719872380166,0.016929652316236603,0.8422845748139864,0.051358168013106484,31.724137931034484,3.3764690769466976,3.5259867707765515,0,B=>V
snn,sig,1,bottles,2,67.54365427443628,97.98678087273218,0.15985849444477562,68.44249834016934,0.5289573831070316,68.45672100454901,1.7317210046571052,1.7682789955220546,16.149884199246443,0,,0.4855082432631501,0.9001880704364194,-,-,-,-,0.6754365427443627,0.06575462716890733,0.7192036482242248,0.06961536542936593,0.8373994332758321,0.08347856805939356,0.6754365427443627,0.06575462716890733,62.62068965517241,3.636317571047587,3.533166496231932,0,B=>V
