cls,fea,nsen,smax,mfmax,cmax,uar,ci95_u,bar,ci95_b,bar_exp,ci95_be_low,ci95_be_upp,eer,cm,eermsg,mcc,auc,pr_auc,mse,r2,ss,amax,amax_std,fmax,fmax_std,pmax,pmax_std,rmax,rmax_std,maxerr,ci95_me_low,ci95_me_low,cm,labels
cnn,pfa,1,bottles,0,99.57294911734165,99.95947315096251,0.056154932697694004,99.57639048642561,0.18120307146525239,99.13517900279489,1.4101790028824834,0.6898209972835301,0.8264462809917408,0,,0.9915278097285122,0.9993836846388117,-,-,-,-,0.9957294911734165,0.008541017653167149,0.9957294911734165,0.008541017653167149,0.9957294911734165,0.008541017653167149,0.9957294911734165,0.008541017653167149,0.8264462809917356,0.805524661616347,3.6921651710866006,0,B=>V
cnn,sfa,1,bottles,0,96.17731048805813,99.6757852077001,0.15860459238097313,96.20828712398755,0.5328788403054396,95.85409527759323,2.729095277540683,2.0709047223920862,1.6528925619834403,0,,0.9317059610332549,0.9992137258066178,-,-,-,-,0.9617731048805813,0.019506197630599815,0.966382375716667,0.010134296698299872,0.9740670339082765,0.032894183275484386,0.9617731048805813,0.019506197630599815,7.43801652892562,3.9805776441376888,6.212262686184275,0,B=>V
cnn,sig,1,bottles,2,94.92319792833811,99.57446808510639,0.18161201582400643,94.94784495634289,0.6110621777273062,94.61091538334259,2.9859153833827756,2.364084616748585,2.4793388429751735,0,,0.9100290814294643,0.992629967003952,-,-,-,-,0.9492319792833811,0.036426568627455934,0.9546438128462353,0.02454299926866516,0.962424658849713,0.026725504373587394,0.9492319792833811,0.036426568627455934,9.917355371900827,4.6870890452847505,6.765522547009861,0,B=>V
