cls,fea,nsen,smax,mfmax,cmax,uar,ci95_u,bar,ci95_b,bar_exp,ci95_be_low,ci95_be_upp,eer,cm,eermsg,mcc,auc,pr_auc,mse,r2,ss,amax,amax_std,fmax,fmax_std,pmax,pmax_std,rmax,rmax_std,maxerr,ci95_me_low,ci95_me_low,cm,labels
cnn,pfa,1,bottles,0,98.87118625311828,99.88534430430971,0.03851723930240469,98.9999153694956,0.11325105008955783,98.91836312219017,0.5933631220592317,0.45663687773096484,0.689655172413787,0,,0.9760693653914171,0.999525210950472,-,-,-,-,0.9887118625311828,0.016277894304401474,0.9876224071032081,0.016659684215031098,0.9874966137748608,0.025179006224942308,0.9887118625311828,0.016277894304401474,1.9310344827586208,0.8713981102860492,1.2877061192839594,0,B=>V
cnn,sfa,1,bottles,11,96.48168627635594,99.70998853443042,0.06120450171757108,96.55673998529097,0.20753084589275606,96.5094128568883,0.9844128568525456,0.8655871430917284,1.379310344827574,0,,0.9387430625125105,0.9991714077628819,-,-,-,-,0.9648168627635595,0.027954769229407553,0.9713118337042863,0.01800977246561526,0.9800705071737974,0.02644130673671001,0.9648168627635595,0.027954769229407553,6.758620689655172,1.7170785843680696,2.0784860092693522,0,B=>V
cnn,sig,1,bottles,2,93.64773700166108,99.48067714304985,0.08180776627285669,93.74972495086067,0.2755123145066096,93.70666038536505,1.2316603854543584,1.168339614586189,3.7241379310348828,0,,0.8894780648501438,0.9913743159530884,-,-,-,-,0.9364773700166108,0.035136437153516824,0.9401982368210683,0.025081210936348505,0.9480767000670277,0.040242392774801995,0.9364773700166108,0.035136437153516824,12.275862068965518,2.300280048622065,2.6121954659464626,0,B=>V
