cls,fea,nsen,smax,mfmax,cmax,uar,ci95_u,bar,ci95_b,bar_exp,ci95_be_low,ci95_be_upp,eer,eer_ci95_low,eer_ci95_high,cm,eermsg,mcc,auc,pr_auc,mse,r2,ss,amax,amax_std,fmax,fmax_std,pmax,pmax_std,rmax,rmax_std,maxerr,ci95_me_low,ci95_me_low,cm,labels
cnn,pfa,1,bottles,0,93.10528533376896,97.83804048987753,0.3186592051749648,93.10869376381363,0.5550022058479986,93.0544845754189,1.2294845752788053,1.120515424688584,4.669386970239843,0.7443869701166463,0.8056130299151267,0,	ERR high min 0.90,0.8757985029617205,0.9903402526007624,-,-,-,-,0.9310528533376896,0.012275616104938296,0.9377927391219762,0.009019682456411047,0.9451503971812656,0.011012657616995577,0.9310528533376896,0.012275616104938296,12.77139208173691,2.2580019742328914,2.5425141765296866,0,D=>V
cnn,sfa,1,bottles,0,88.53078111293999,96.57585603599101,0.39843649276591897,88.53785694307115,0.6979852298985678,88.49477417687443,1.469774176969263,1.4302258231037257,6.124767023287521,0.8497670232259571,0.9502329765973636,0,	ERR high min 0.91,0.7997860226275847,0.9857201541908086,-,-,-,-,0.8853078111293999,0.030018189438538512,0.8988707740094096,0.015024438196129605,0.9161354718293453,0.011956616255617655,0.8853078111293999,0.030018189438538512,21.455938697318008,2.8273450112007827,3.0441055294518375,0,D=>V
cnn,sig,1,bottles,2,86.65370119356992,95.21369657585603,0.46773368112145164,86.64428886663316,0.7453363408528979,86.60463069056372,1.5296306906864565,1.4703693095107884,8.498231890884425,0.9732318910073479,1.0767681091155126,0,	ERR high min 0.91,0.7299855963371606,0.9608289427803067,-,-,-,-,0.8665370119356991,0.028485882911930195,0.865173401667829,0.015099125072067178,0.8697850989425995,0.0372792876442156,0.8665370119356991,0.028485882911930195,24.010217113665387,2.95321230778319,3.150361953324665,0,D=>V
