cls,fea,nsen,smax,mfmax,cmax,uar,ci95_u,bar,ci95_b,bar_exp,ci95_be_low,ci95_be_upp,eer,cm,eermsg,mcc,auc,mse,r2,ss,amax,amax_std,fmax,fmax_std,pmax,pmax_std,rmax,rmax_std,maxerr,cm,labels
svm,pfa,1,bottles,3,90.89969869103871,97.65058735316171,0.331868397714441,90.8983619039936,0.6302119403910456,90.85013021624071,1.3751302162303913,1.274869783820154,4.432746917855641,0,	ERR high min 0.78,0.8618442967657044,0.9919978444848161,-,-,-,0.9089969869103871,0.008437760275214562,0.930020764746035,0.0082211828884708,0.954173212660247,0.010617401016160594,0.9089969869103871,0.008437760275214562,17.496807151979567,0,D=>V
svm,sfa,1,bottles,4,84.77768865525445,96.67583104223944,0.39277995795437004,84.77890312512551,0.7870742227804151,84.74654169554663,1.6215416955632667,1.5784583045477807,5.4916985951467066,0,	ERR high min 0.74,0.7976938914501587,0.9864634566403366,-,-,-,0.8477768865525446,0.01571699711881619,0.8930650100241355,0.011396403101784018,0.9575677718530725,0.008167636727265393,0.8477768865525446,0.01571699711881619,30.01277139208174,0,D=>V
svm,sig,1,bottles,2,89.50852538253541,86.71582104473882,0.7436444592819558,89.5062907818997,0.6714908672281306,89.44655406162315,1.0215540616880348,0.9284459384686805,11.317356974650355,0,	ERR high min 0.75,0.5695680216641874,0.9442278137531563,-,-,-,0.8950852538253541,0.005442311539351193,0.7497425829621532,0.008076740685373536,0.705648952779572,0.006373422895254477,0.8950852538253541,0.005442311539351193,13.963152791245326,0,V=>D
