cls,fea,nsen,smax,mfmax,cmax,uar,ci95_u,bar,ci95_b,bar_exp,ci95_be_low,ci95_be_upp,eer,cm,eermsg,mcc,auc,mse,r2,ss,amax,amax_std,fmax,fmax_std,pmax,pmax_std,rmax,rmax_std,maxerr,cm,labels
hmm,pfa,1,bottles,1,91.22730706231079,88.49037740564859,0.699241801030559,91.22990681784286,0.6197542833500158,91.16780762408298,0.9428076240104444,0.8571923758681654,8.69926582629174,0,,0.6097135457529281,0.970169184235513,-,-,-,0.9122730706231079,0.009456118490118277,0.77467600959761,0.012435225118633896,0.725689329050365,0.010346826141046624,0.9122730706231079,0.009456118490118277,12.176201689984763,0,V=>D
hmm,sfa,1,bottles,1,93.9644327665896,92.08947763059236,0.5913660710072599,93.96474324442187,0.5217700643917356,93.90000149951882,0.7750014995490329,0.6749985004970926,6.513409961685681,0,,0.6959679524942834,0.9846071023376124,-,-,-,0.9396443276658959,0.006176907861231202,0.8298628258347627,0.016330198178476866,0.77668887864915,0.017583105079603995,0.9396443276658959,0.006176907861231202,8.366809807452556,0,V=>D
